SNP,Chromosome,Position ,P.value,maf,nobs,Rsquare.of.Model.without.SNP,Rsquare.of.Model.with.SNP,effect,Variance_Explained
Gm_13_24858209,13,24858209,3.86205128930995e-10,0.111574556830031,9590,0.445936983558228,0.448206389321868,-0.29704155679093,0.015242888693659
Gm_15_3828587,15,3828587,7.95371933463079e-19,0.120020855057351,9590,0.445936983558228,0.450493754230234,0.408842083928931,0.0175166471695976
Gm_15_3918803,15,3918803,4.06493508191341e-10,0.203701772679875,9590,0.445936983558228,0.44820058774295,0.261040323773187,0.00129986131326272
Gm_15_3919945,15,3919945,1.65602930453422e-10,0.209749739311783,9590,0.445936983558228,0.448302397035078,-0.263724061509947,0
